-- phpMyAdmin SQL Dump
-- version 4.0.10.14
-- http://www.phpmyadmin.net
--
-- Servidor: localhost:3306
-- Tiempo de generación: 14-08-2016 a las 20:56:09
-- Versión del servidor: 5.6.31
-- Versión de PHP: 5.6.20

SET SQL_MODE = "NO_AUTO_VALUE_ON_ZERO";
SET time_zone = "+00:00";


/*!40101 SET @OLD_CHARACTER_SET_CLIENT=@@CHARACTER_SET_CLIENT */;
/*!40101 SET @OLD_CHARACTER_SET_RESULTS=@@CHARACTER_SET_RESULTS */;
/*!40101 SET @OLD_COLLATION_CONNECTION=@@COLLATION_CONNECTION */;
/*!40101 SET NAMES utf8 */;

--
-- Base de datos: `solinper_dbhotel`
--

DELIMITER $$
--
-- Procedimientos
--
CREATE PROCEDURE `consultar_pagos`(in pfecha_ini date,
in pfecha_fin date
)
begin
select pr.num_documento,concat(pr.apaterno,' ',pr.amaterno,' ',pr.nombre) as Cliente,
(select concat(apaterno,' ',nombre) from Persona where idpersona=r.idtrabajador) as Vendedor,
r.fecha_ingresa as Ingreso,r.fecha_salida as Salida,
(select numero from habitacion where idhabitacion=r.idhabitacion) as Habitacion,
p.tipo_comprobante as Comprobante,p.num_comprobante as Numero,p.total_pago as Pago
from reserva r inner join pago p on r.idreserva=p.idreserva
inner join persona pr on r.idcliente=pr.idpersona
where p.fecha_pago>=pfecha_ini and p.fecha_pago<=pfecha_fin;
end$$

CREATE PROCEDURE `reporte_comprobante`(
in pidreserva int)
begin
select p.idpago as IdVenta,p.tipo_comprobante as TipoDocumento,
(select concat(apaterno,' ',amaterno,' ',nombre) from persona where idpersona=r.idcliente)as Cliente,
(select concat(apaterno,' ',amaterno,' ',nombre) from persona where idpersona=r.idtrabajador)as Empleado,
p.num_comprobante as Serie,p.num_comprobante as Numero,
p.fecha_emision as Fecha,p.total_pago as TotalVenta,
'0' as Descuento,cast((p.total_pago-(p.total_pago/118*18)) as decimal(6,2)) as SubTotal,
cast((p.total_pago/118*18)as decimal(6,2)) as Igv,p.total_pago as TotalPagar,
r.estado as Estado,
(select numero from habitacion where idhabitacion=r.idhabitacion ) as Codigo,
'Reserva de Habitacion' as Producto,
datediff(r.fecha_salida,r.fecha_ingresa) as Cantidad,r.costo_alojamiento as PrecioVenta,
r.costo_alojamiento as Total
from pago p inner join reserva r on p.idreserva=r.idreserva
where r.idreserva=pidreserva
union
select p.idpago as IdVenta,p.tipo_comprobante as TipoDocumento,
(select concat(apaterno,' ',amaterno,' ',nombre) from persona where idpersona=r.idcliente)as Cliente,
(select concat(apaterno,' ',amaterno,' ',nombre) from persona where idpersona=r.idtrabajador)as Empleado,
p.num_comprobante as Serie,p.num_comprobante as Numero,
p.fecha_emision as Fecha,p.total_pago as TotalVenta,
'0' as Descuento,cast((p.total_pago-(p.total_pago/118*18)) as decimal(6,2)) as SubTotal,
cast((p.total_pago/118*18)as decimal(6,2)) as Igv,p.total_pago as TotalPagar,
r.estado as Estado,(select idproducto from producto where idproducto=c.idproducto) as Codito,
(select nombre from producto where idproducto=c.idproducto) as Producto,
c.cantidad as Cantidad,c.precio_venta as PrecioVenta,
(c.precio_venta*c.cantidad) as Total
from pago p inner join reserva r on p.idreserva=r.idreserva
inner join consumo c on r.idreserva=c.idreserva
where r.idreserva=pidreserva;
end$$

DELIMITER ;

-- --------------------------------------------------------

--
-- Estructura de tabla para la tabla `cliente`
--

CREATE TABLE IF NOT EXISTS `cliente` (
  `idpersona` int(11) NOT NULL,
  `codigo_cliente` varchar(50) NOT NULL,
  `destino` varchar(50) DEFAULT NULL,
  `estado_civil` varchar(1) DEFAULT NULL,
  PRIMARY KEY (`idpersona`),
  UNIQUE KEY `codigo_cliente_UNIQUE` (`codigo_cliente`)
) ENGINE=InnoDB DEFAULT CHARSET=latin1;

--
-- Volcado de datos para la tabla `cliente`
--

INSERT INTO `cliente` (`idpersona`, `codigo_cliente`, `destino`, `estado_civil`) VALUES
(3, 'VENDEDOR ', NULL, 'S'),
(9, 'OOOOOO', NULL, 'S'),
(10, 'OOOO', NULL, 'S'),
(11, '00000', NULL, 'S'),
(13, 'ESTIVADOR, SEGURIDAD', NULL, 'S'),
(14, 'OOOOOOOOOOOO', 'ninguno', 'S'),
(15, 'COMERCIANTE', NULL, 'S'),
(17, 'OOOOOOOO', NULL, 'S'),
(19, 'NEGOCIANTE', NULL, 'S'),
(21, 'tecnica', NULL, 'S');

-- --------------------------------------------------------

--
-- Estructura de tabla para la tabla `consumo`
--

CREATE TABLE IF NOT EXISTS `consumo` (
  `idconsumo` int(11) NOT NULL AUTO_INCREMENT,
  `idreserva` int(11) NOT NULL,
  `idproducto` int(11) NOT NULL,
  `cantidad` decimal(7,2) NOT NULL,
  `precio_venta` decimal(7,2) NOT NULL,
  `estado` varchar(15) NOT NULL,
  PRIMARY KEY (`idconsumo`),
  KEY `fk_consumo_producto_idx` (`idproducto`),
  KEY `fk_consumo_reserva_idx` (`idreserva`)
) ENGINE=InnoDB DEFAULT CHARSET=latin1 AUTO_INCREMENT=1 ;

-- --------------------------------------------------------

--
-- Estructura de tabla para la tabla `detalle_venta`
--

CREATE TABLE IF NOT EXISTS `detalle_venta` (
  `iddetalle_venta` int(11) NOT NULL AUTO_INCREMENT,
  `idventa` int(11) NOT NULL,
  `idproducto` int(11) NOT NULL,
  `cantidad` int(11) NOT NULL,
  `precio_venta` decimal(8,2) NOT NULL,
  PRIMARY KEY (`iddetalle_venta`),
  KEY `idventa` (`idventa`,`idproducto`),
  KEY `idventa_2` (`idventa`),
  KEY `fk_detalle_venta_producto` (`idproducto`)
) ENGINE=InnoDB  DEFAULT CHARSET=latin1 AUTO_INCREMENT=2 ;

--
-- Volcado de datos para la tabla `detalle_venta`
--

INSERT INTO `detalle_venta` (`iddetalle_venta`, `idventa`, `idproducto`, `cantidad`, `precio_venta`) VALUES
(1, 1, 20, 1, '2.00');

-- --------------------------------------------------------

--
-- Estructura de tabla para la tabla `habitacion`
--

CREATE TABLE IF NOT EXISTS `habitacion` (
  `idhabitacion` int(11) NOT NULL AUTO_INCREMENT,
  `numero` varchar(4) NOT NULL,
  `piso` varchar(2) NOT NULL,
  `descripcion` varchar(255) DEFAULT NULL,
  `caracteristicas` varchar(512) DEFAULT NULL,
  `precio_diario` decimal(7,2) NOT NULL,
  `estado` varchar(15) NOT NULL,
  `tipo_habitacion` varchar(20) NOT NULL,
  PRIMARY KEY (`idhabitacion`)
) ENGINE=InnoDB  DEFAULT CHARSET=latin1 AUTO_INCREMENT=20 ;

--
-- Volcado de datos para la tabla `habitacion`
--

INSERT INTO `habitacion` (`idhabitacion`, `numero`, `piso`, `descripcion`, `caracteristicas`, `precio_diario`, `estado`, `tipo_habitacion`) VALUES
(2, '1', '1', 'cama simple, con tv cable, baño común', '1 sabana,1 sobre sabana,1 almohada y 1funda ', '15.00', 'Disponible', 'Individual'),
(3, '2', '1', 'cama simple, tv cable, baño comun', '1sabanas, 1sobre sabanas, 1almohada, 1funda', '15.00', 'Disponible', 'Individual'),
(4, '3', '1', 'cama simple, tv cable, baño comun', '1sabana, 1sobre sabana, 1funda', '15.00', 'Disponible', 'Individual'),
(5, '4', '2', 'cama simple, tv cable, baño comun', '1sabana, 1sobre sabana, 1almohada, 1funda', '15.00', 'Disponible', 'Individual'),
(6, '5', '2', 'cama simple, tv cable, baño comun', '1sabana, 1sobre sabana, 1funda', '15.00', 'Disponible', 'Individual'),
(7, '6', '2', 'cama simple, sin tv cable, baño comun', '1sabana, 1sobre sabana, 1almohada, 1funda', '10.00', 'Disponible', 'Individual'),
(8, '7', '2', 'cama matrimonial, tv cable, baño propio', '1sabana, 1sobre sabana, 2almohada, 2funda', '25.00', 'Disponible', 'Matrimonial'),
(9, '8', '2', 'cama matrimonial, tv cable, baño propio', '1sabana, 1sobre sabana, 2 almohadas, 2funda', '25.00', 'Disponible', 'Matrimonial'),
(10, '9', '2', '4camas simples,1camas matrimonial,  tv cable, baño propio', '5sabana, 5sobre sabana,6almohadas, 6fundas', '50.00', 'Disponible', 'Familiar'),
(11, '10', '2', '1cama matrimonial, 2camas simples, tv cable, baño propio ', '3sabana, 3sobre sabana, 4almohadas, 4 fundas', '45.00', 'Disponible', 'Familiar'),
(12, '11', '2', '1cama matrimonial, 1cama simple, tv cable, baño propio', '2sabana, 2sobre sabana, 3almohadas, 3fundas', '35.00', 'Disponible', 'Familiar'),
(13, '12', '3', 'cama matrimonial, tv cable, baño comun', '1sabana, 1sobre sabana, 2almohadas, 2fundas', '20.00', 'Disponible', 'Matrimonial'),
(14, '13', '3', 'cama simple, tv cable, baño comun', '1sabana, 1sobre sabana, 1almohada, 1funda', '18.00', 'Disponible', 'Individual'),
(15, '14', '3', 'cama matrimonial, tv cable, baño propio', '1sabana, 1sobre sabana, 2almohadas, 2fundas', '30.00', 'Disponible', 'Matrimonial'),
(16, '15', '3', '2camas simples, tv cable, baño comun', '2sabana, 2sobre sabanas, 2almohadas, 2fundas', '25.00', 'Disponible', 'Familiar'),
(17, '16', '3', 'cama matrimonial, tv cable, baño propio', '1sabana, 1sobre sabana, 2almohadas, 2fundas', '30.00', 'Disponible', 'Matrimonial'),
(18, '17', '3', 'cama simple, tv cable, baño propio', '1sabana, 1sobre sabana, 1almohada, 1funda', '25.00', 'Disponible', 'Individual'),
(19, '18', '3', 'cama simple, tv cable, baño propio', '1sabana, 1sobre sabana, 1almohada, 1funda', '25.00', 'Disponible', 'Individual');

-- --------------------------------------------------------

--
-- Estructura de tabla para la tabla `pago`
--

CREATE TABLE IF NOT EXISTS `pago` (
  `idpago` int(11) NOT NULL AUTO_INCREMENT,
  `idreserva` int(11) NOT NULL,
  `tipo_comprobante` varchar(20) NOT NULL,
  `num_comprobante` varchar(20) NOT NULL,
  `igv` decimal(4,2) NOT NULL,
  `total_pago` decimal(7,2) NOT NULL,
  `fecha_emision` date NOT NULL,
  `fecha_pago` date NOT NULL,
  `hora_pago` varchar(15) DEFAULT NULL,
  PRIMARY KEY (`idpago`),
  KEY `fk_pago_reserva_idx` (`idreserva`)
) ENGINE=InnoDB  DEFAULT CHARSET=latin1 AUTO_INCREMENT=14 ;

--
-- Volcado de datos para la tabla `pago`
--

INSERT INTO `pago` (`idpago`, `idreserva`, `tipo_comprobante`, `num_comprobante`, `igv`, `total_pago`, `fecha_emision`, `fecha_pago`, `hora_pago`) VALUES
(6, 6, 'Boleta', '005', '0.00', '20.00', '2016-08-07', '2016-08-07', '08:48:43'),
(8, 7, 'Boleta', '40.00', '0.00', '30.00', '2016-08-09', '2016-08-09', '11:09:03'),
(9, 8, 'Boleta', '000842', '0.00', '30.00', '2016-08-11', '2016-08-11', '02:29:48'),
(10, 9, 'Boleta', '002-0002', '18.00', '70.00', '2016-08-11', '2016-08-11', '11:43:42'),
(12, 10, 'Boleta', '002293', '0.00', '30.00', '2016-08-14', '2016-08-14', '12:18:49'),
(13, 11, 'Boleta', '002293', '0.00', '50.00', '2016-08-14', '2016-08-14', '12:27:50');

-- --------------------------------------------------------

--
-- Estructura de tabla para la tabla `persona`
--

CREATE TABLE IF NOT EXISTS `persona` (
  `idpersona` int(11) NOT NULL AUTO_INCREMENT,
  `nombre` varchar(20) NOT NULL,
  `apaterno` varchar(20) NOT NULL,
  `amaterno` varchar(20) NOT NULL,
  `tipo_documento` varchar(15) NOT NULL,
  `num_documento` varchar(30) NOT NULL,
  `direccion` varchar(100) DEFAULT NULL,
  `telefono` varchar(10) DEFAULT NULL,
  `email` varchar(25) DEFAULT NULL,
  PRIMARY KEY (`idpersona`),
  UNIQUE KEY `email_UNIQUE` (`email`),
  UNIQUE KEY `telefono_UNIQUE` (`telefono`)
) ENGINE=InnoDB  DEFAULT CHARSET=latin1 AUTO_INCREMENT=22 ;

--
-- Volcado de datos para la tabla `persona`
--

INSERT INTO `persona` (`idpersona`, `nombre`, `apaterno`, `amaterno`, `tipo_documento`, `num_documento`, `direccion`, `telefono`, `email`) VALUES
(1, 'Juan Josue', 'Huamansupa', 'Perez', 'DNI', '20970034', 'Lima-Lima Distrito El Agustino Mz T. LT 1. P joven El Agustino', '954478560', 'huamansupa@hotmail.com'),
(3, 'PAULINO R.', 'LANDEO', 'IRIARTE', 'DNI', '09222639', 'LOS LIRIOS MZ. R LT.9', '954999976', 'CHACLACAYO-LIMA'),
(7, 'ERICK ALEXANDER', 'LEON', 'COTRINA', 'DNI', '46712252', '', '', ''),
(9, 'ERICK ALEXANDER', 'LEON', 'COTRINA', 'DNI', '46712252', '00000', '000000', '000000'),
(10, 'JORGE', 'TOVAR', 'CAMPOS', 'DNI', '00152107', 'OOOOOOOOOOO', 'OOOOO', 'OOOO'),
(11, 'ARNULFO', 'TRINIDAD', 'DURAND', 'DNI', '80144237', 'LEONCIO PRADO CASERIO CORACORA', 'OOOO', 'HUANUCO'),
(13, 'RODOLFO ALEX', 'ESQUERRE', 'PEREZ', 'DNI', '80071918', 'SECTOR 2 GRP, 17 MZ K LT 23', '0000000', 'VILLA EL SALVADOR LIMA'),
(14, 'ALFREDO MILTON', 'BAUTISTA', 'AMES', 'DNI', '20101849', 'OOOOOOOOOOOOOOO', '00000000', 'OOOOOOOOOOOOOO'),
(15, ' NECYAS ', 'DEL VALLE', 'ROJAS', 'DNI', '00000000', 'OOOOOOOO', 'OOOOOOOO', 'LIMA'),
(17, 'JORGE ', 'CERRON', 'RAMOS', 'DNI', '73251865', 'OOOOOOOO', '000000000', 'OOOOOOOOO'),
(18, 'Nancy Luz', 'Navarro', 'Dominguez', 'DNI', '21014399', 'AGUSTO B..LEGUIA, Nªº735', '999718080', 'nancyluznav@hotmail.com'),
(19, 'NECIYAS ', 'VALLE', 'ROJAS', 'DNI', '10771703', 'aSSENTH EL GOLFO DE VENTANILLA MZ F LT 1 CALLE BELEN S/N', '966948501', 'CALLAO'),
(20, 'jose', 'veli', 'de la cruz', 'DNI', '45756286', 'satipo', '943126046', 'velisatipo@gmail.com'),
(21, 'Gina', 'Martinez', 'Gavilan', 'DNI', '45762385', 'Satipo', '8698532', 'gina@gmail.com');

-- --------------------------------------------------------

--
-- Estructura de tabla para la tabla `producto`
--

CREATE TABLE IF NOT EXISTS `producto` (
  `idproducto` int(11) NOT NULL AUTO_INCREMENT,
  `nombre` varchar(45) NOT NULL,
  `descripcion` varchar(255) DEFAULT NULL,
  `unidad_medida` varchar(20) NOT NULL,
  `precio_venta` decimal(7,2) NOT NULL,
  `stock` int(11) NOT NULL,
  PRIMARY KEY (`idproducto`)
) ENGINE=InnoDB  DEFAULT CHARSET=latin1 AUTO_INCREMENT=21 ;

--
-- Volcado de datos para la tabla `producto`
--

INSERT INTO `producto` (`idproducto`, `nombre`, `descripcion`, `unidad_medida`, `precio_venta`, `stock`) VALUES
(1, 'TOALLA HIGIENICA ', 'marca nosostras', 'UND', '1.00', 10),
(2, 'SPORADE', 'sporade', 'UND', '2.00', 10),
(3, 'SHAMPOO', 'sedal, h&s, pantene.', 'UND', '1.00', 10),
(4, 'PRESERVATIVO', 'preservativos gents', 'UND', '2.00', 10),
(5, 'POWER', 'power', 'UND', '3.00', 10),
(6, 'PILA AA', 'marca panasonic', 'UND', '1.00', 10),
(7, 'PILA AAA', 'pila AAA panasonic', 'UND', '1.00', 10),
(8, 'PAPEL HIGIENICO HOTELERO', 'marca disol', 'UND', '0.80', 10),
(9, 'PAPEL HIGIENICO SUAVE', 'marca suave', 'UND', '1.00', 10),
(10, 'PAÑAL DESCARTABLE ', 'marca huggies', 'UND', '1.00', 10),
(11, 'JABON DE TOCADOR', 'rexona , protex, Spa, lux, safeguard. neko', 'UND', '2.50', 10),
(12, 'JABON HOTELERO', 'marca neko', 'UND', '1.00', 10),
(13, 'ISOPO', 'cotton swabs', 'UND', '2.00', 10),
(14, 'INCA KOLA', 'inca kola 1/2 litro descartable', 'UND', '3.00', 10),
(15, 'GALLETAS', 'surtidas', 'UND', '1.00', 10),
(16, 'CREMA DENTAL', 'marca colgate', 'UND', '2.50', 10),
(17, 'COCA COLA ', '	coca cola 1/2 litro descartable', 'UND', '3.00', 10),
(18, 'CEPILLO', 'SMARTORAL, SAN-A', 'UND', '2.00', 10),
(19, 'AGUA MINERAL', 'SAN LUIS, SAN MATEO, CIELO, MANANTIAL', 'UND', '2.00', 10),
(20, 'AFEITADOR', 'DORCO, SCHIT', 'UND', '2.00', 4);

-- --------------------------------------------------------

--
-- Estructura de tabla para la tabla `reserva`
--

CREATE TABLE IF NOT EXISTS `reserva` (
  `idreserva` int(11) NOT NULL AUTO_INCREMENT,
  `idhabitacion` int(11) NOT NULL,
  `idcliente` int(11) NOT NULL,
  `idtrabajador` int(11) NOT NULL,
  `tipo_reserva` varchar(20) NOT NULL,
  `fecha_reserva` date NOT NULL,
  `fecha_ingresa` date NOT NULL,
  `hora_ingresa` varchar(15) DEFAULT NULL,
  `fecha_salida` date NOT NULL,
  `hora_salida` varchar(15) DEFAULT NULL,
  `costo_alojamiento` decimal(7,2) NOT NULL,
  `estado` varchar(15) NOT NULL,
  PRIMARY KEY (`idreserva`),
  KEY `fk_reserva_habitacion_idx` (`idhabitacion`),
  KEY `fk_reserva_cliente_idx` (`idcliente`),
  KEY `fk_reserva_trabajador_idx` (`idtrabajador`)
) ENGINE=InnoDB  DEFAULT CHARSET=latin1 AUTO_INCREMENT=12 ;

--
-- Volcado de datos para la tabla `reserva`
--

INSERT INTO `reserva` (`idreserva`, `idhabitacion`, `idcliente`, `idtrabajador`, `tipo_reserva`, `fecha_reserva`, `fecha_ingresa`, `hora_ingresa`, `fecha_salida`, `hora_salida`, `costo_alojamiento`, `estado`) VALUES
(6, 5, 17, 20, 'Alquiler', '2016-08-07', '2016-08-07', '08:46:29', '2016-08-07', '08:48:57', '20.00', 'Pagada'),
(7, 7, 10, 20, 'Alquiler', '2016-08-07', '2016-08-07', '10:21:56', '2016-08-09', '11:09:16', '30.00', 'Pagada'),
(8, 3, 3, 20, 'Alquiler', '2016-08-11', '2016-08-11', '02:29:01', '2016-08-11', '02:30:03', '30.00', 'Pagada'),
(9, 3, 11, 1, 'Alquiler', '2016-08-11', '2016-08-11', '11:41:25', '2016-08-12', '07:44:16', '70.00', 'Pagada'),
(10, 11, 9, 20, 'Alquiler', '2016-08-14', '2016-08-14', '12:15:58', '2016-08-14', '12:19:01', '30.00', 'Pagada'),
(11, 2, 21, 20, 'Alquiler', '2016-08-14', '2016-08-14', '12:26:47', '2016-08-14', '12:28:02', '50.00', 'Pagada');

-- --------------------------------------------------------

--
-- Estructura de tabla para la tabla `trabajador`
--

CREATE TABLE IF NOT EXISTS `trabajador` (
  `idpersona` int(11) NOT NULL,
  `sueldo` decimal(7,2) NOT NULL,
  `acceso` varchar(15) NOT NULL,
  `login` varchar(15) NOT NULL,
  `password` varchar(20) NOT NULL,
  `estado` varchar(1) NOT NULL,
  PRIMARY KEY (`idpersona`),
  UNIQUE KEY `login_UNIQUE` (`login`)
) ENGINE=InnoDB DEFAULT CHARSET=latin1;

--
-- Volcado de datos para la tabla `trabajador`
--

INSERT INTO `trabajador` (`idpersona`, `sueldo`, `acceso`, `login`, `password`, `estado`) VALUES
(1, '750.00', 'Administrador', 'admin', 'admin', 'A'),
(18, '750.00', 'Digitador', 'digitador', '0505', 'A'),
(20, '2000.00', 'Administrador', 'jveli', 'jashyo', 'A');

-- --------------------------------------------------------

--
-- Estructura de tabla para la tabla `venta`
--

CREATE TABLE IF NOT EXISTS `venta` (
  `idventa` int(11) NOT NULL AUTO_INCREMENT,
  `fecha` date NOT NULL,
  `idtrabajador` int(11) NOT NULL,
  `idcliente` int(11) NOT NULL,
  `impuesto` decimal(5,2) NOT NULL,
  `tipo_comprobante` varchar(20) DEFAULT NULL,
  `num_comprobante` varchar(15) DEFAULT NULL,
  PRIMARY KEY (`idventa`),
  KEY `idcliente` (`idcliente`),
  KEY `fk_venta_trabajador` (`idtrabajador`)
) ENGINE=InnoDB  DEFAULT CHARSET=latin1 AUTO_INCREMENT=2 ;

--
-- Volcado de datos para la tabla `venta`
--

INSERT INTO `venta` (`idventa`, `fecha`, `idtrabajador`, `idcliente`, `impuesto`, `tipo_comprobante`, `num_comprobante`) VALUES
(1, '2016-08-08', 1, 19, '18.00', 'Boleta', '001-0015');

--
-- Restricciones para tablas volcadas
--

--
-- Filtros para la tabla `cliente`
--
ALTER TABLE `cliente`
  ADD CONSTRAINT `fk_persona_cliente` FOREIGN KEY (`idpersona`) REFERENCES `persona` (`idpersona`) ON DELETE NO ACTION ON UPDATE NO ACTION;

--
-- Filtros para la tabla `consumo`
--
ALTER TABLE `consumo`
  ADD CONSTRAINT `fk_consumo_producto` FOREIGN KEY (`idproducto`) REFERENCES `producto` (`idproducto`) ON DELETE NO ACTION ON UPDATE NO ACTION,
  ADD CONSTRAINT `fk_consumo_reserva` FOREIGN KEY (`idreserva`) REFERENCES `reserva` (`idreserva`) ON DELETE NO ACTION ON UPDATE NO ACTION;

--
-- Filtros para la tabla `detalle_venta`
--
ALTER TABLE `detalle_venta`
  ADD CONSTRAINT `fk_detalle_venta` FOREIGN KEY (`idventa`) REFERENCES `venta` (`idventa`),
  ADD CONSTRAINT `fk_detalle_venta_producto` FOREIGN KEY (`idproducto`) REFERENCES `producto` (`idproducto`);

--
-- Filtros para la tabla `pago`
--
ALTER TABLE `pago`
  ADD CONSTRAINT `fk_pago_reserva` FOREIGN KEY (`idreserva`) REFERENCES `reserva` (`idreserva`) ON DELETE NO ACTION ON UPDATE NO ACTION;

--
-- Filtros para la tabla `reserva`
--
ALTER TABLE `reserva`
  ADD CONSTRAINT `fk_reserva_cliente` FOREIGN KEY (`idcliente`) REFERENCES `cliente` (`idpersona`) ON DELETE NO ACTION ON UPDATE NO ACTION,
  ADD CONSTRAINT `fk_reserva_habitacion` FOREIGN KEY (`idhabitacion`) REFERENCES `habitacion` (`idhabitacion`) ON DELETE NO ACTION ON UPDATE NO ACTION,
  ADD CONSTRAINT `fk_reserva_trabajador` FOREIGN KEY (`idtrabajador`) REFERENCES `trabajador` (`idpersona`) ON DELETE NO ACTION ON UPDATE NO ACTION;

--
-- Filtros para la tabla `trabajador`
--
ALTER TABLE `trabajador`
  ADD CONSTRAINT `fk_persona_trabajador` FOREIGN KEY (`idpersona`) REFERENCES `persona` (`idpersona`) ON DELETE NO ACTION ON UPDATE NO ACTION;

--
-- Filtros para la tabla `venta`
--
ALTER TABLE `venta`
  ADD CONSTRAINT `fk_venta_cliente` FOREIGN KEY (`idcliente`) REFERENCES `persona` (`idpersona`),
  ADD CONSTRAINT `fk_venta_trabajador` FOREIGN KEY (`idtrabajador`) REFERENCES `trabajador` (`idpersona`);

/*!40101 SET CHARACTER_SET_CLIENT=@OLD_CHARACTER_SET_CLIENT */;
/*!40101 SET CHARACTER_SET_RESULTS=@OLD_CHARACTER_SET_RESULTS */;
/*!40101 SET COLLATION_CONNECTION=@OLD_COLLATION_CONNECTION */;
